<?xml version="1.0" encoding="utf-8"?>
<!--/1368275/227705/2.47/2/3/Connector/-->
<quadcept_library>
  <setting unit="mil" />
  <textstyle name="Default" height="47.244094488189" strokewidth="7.8740157480315" charwidth="47.244094488189" />
  <textstyle name="Dimension" height="19.6850393700787" strokewidth="0" charwidth="19.6850393700787" />
  <textstyle name="H127W0635TH00762" height="50" strokewidth="3" charwidth="25" />
  <textstyle name="H15W15TH02" height="59.0551181102362" strokewidth="7.8740157480315" charwidth="59.0551181102362" />
  <padstyle name="c217.5_h145" surface="False" plated="True" isvia="False" nopaste="True" nomask="True" complex="False" holesize="57.086614173228">
    <padshape layer="TOP" shape="round" width="85.629921259841" height="85.629921259841" />
    <padshape layer="INNER" shape="round" width="85.629921259841" height="85.629921259841" />
    <padshape layer="BOTTOM" shape="round" width="85.629921259841" height="85.629921259841" />
  </padstyle>
  <padstyle name="s217.5_h145" surface="False" plated="True" isvia="False" nopaste="True" nomask="True" complex="False" holesize="57.086614173228">
    <padshape layer="TOP" shape="square" width="85.629921259841" height="85.629921259841" />
    <padshape layer="INNER" shape="round" width="85.629921259841" height="85.629921259841" />
    <padshape layer="BOTTOM" shape="square" width="85.629921259841" height="85.629921259841" />
  </padstyle>
  <footprint name="SHDR2W90P0X500_1X2_1060X980X1380P" originx="0" originy="0" pickpointx="0" pickpointy="0">
    <pcbpin number="1" name="1" style="s217.5_h145" originx="0" originy="0" rotation="90" />
    <pcbpin number="2" name="2" style="c217.5_h145" originx="196.85039370078" originy="0" rotation="90" />
    <line layer="TOP_PLACE_BOUND" originx="-108.26771653543" originy="-190.94488188976" endx="-108.26771653543" endy="214.56692913386" width="1.9685039370079" />
    <line layer="TOP_PLACE_BOUND" originx="-108.26771653543" originy="214.56692913386" endx="340.55118110236" endy="214.56692913386" width="1.9685039370079" />
    <line layer="TOP_PLACE_BOUND" originx="340.55118110236" originy="214.56692913386" endx="340.55118110236" endy="-190.94488188976" width="1.9685039370079" />
    <line layer="TOP_PLACE_BOUND" originx="340.55118110236" originy="-190.94488188976" endx="-108.26771653543" endy="-190.94488188976" width="1.9685039370079" />
    <line layer="TOP_ASSEMBLY" originx="-98.425196850392" originy="-181.10236220472" endx="-98.425196850392" endy="204.72440944882" width="3.9370078740157" />
    <line layer="TOP_ASSEMBLY" originx="-98.425196850392" originy="204.72440944882" endx="330.70866141732" endy="204.72440944882" width="3.9370078740157" />
    <line layer="TOP_ASSEMBLY" originx="330.70866141732" originy="204.72440944882" endx="330.70866141732" endy="-181.10236220472" width="3.9370078740157" />
    <line layer="TOP_ASSEMBLY" originx="330.70866141732" originy="-181.10236220472" endx="-98.425196850392" endy="-181.10236220472" width="3.9370078740157" />
    <line layer="TOP_SILKSCREEN" originx="0" originy="-181.10236220472" endx="330.70866141732" endy="-181.10236220472" width="7.8740157480314" />
    <line layer="TOP_SILKSCREEN" originx="330.70866141732" originy="-181.10236220472" endx="330.70866141732" endy="204.72440944882" width="7.8740157480314" />
    <line layer="TOP_SILKSCREEN" originx="330.70866141732" originy="204.72440944882" endx="-98.425196850392" endy="204.72440944882" width="7.8740157480314" />
    <line layer="TOP_SILKSCREEN" originx="-98.425196850392" originy="204.72440944882" endx="-98.425196850392" endy="0" width="7.8740157480314" />
  </footprint>
  <symbol name="691216710002" originx="0" originy="0">
    <line originx="200" originy="100" endx="600" endy="100" width="10" />
    <line originx="600" originy="-200" endx="600" endy="100" width="10" />
    <line originx="600" originy="-200" endx="200" endy="-200" width="10" />
    <line originx="200" originy="100" endx="200" endy="-200" width="10" />
    <sympin number="1" originx="200" originy="0" rotation="180" length="100" width="7.8740157480315" flipped="False">
      <text name="pinname" originx="230" originy="0" style="Default" rotation="0" justify="left" flipped="False" hidden="False" data="1" />
      <text name="pindes" originx="140" originy="20" style="Default" rotation="0" justify="lowerright" flipped="False" hidden="False" data="1" />
    </sympin>
    <sympin number="2" originx="200" originy="-100" rotation="180" length="100" width="7.8740157480315" flipped="False">
      <text name="pinname" originx="230" originy="-100" style="Default" rotation="0" justify="left" flipped="False" hidden="False" data="2" />
      <text name="pindes" originx="140" originy="-80" style="Default" rotation="0" justify="lowerright" flipped="False" hidden="False" data="2" />
    </sympin>
  </symbol>
  <component name="691216710002" designatorprefix="J" height="543.30708661417" footprint="SHDR2W90P0X500_1X2_1060X980X1380P">
    <comppin designator="1" sympin="1" pinswap="0" gateswap="0" gate="1" group="1" side="" type="Any" name="1" />
    <comppin designator="2" sympin="2" pinswap="0" gateswap="0" gate="1" group="1" side="" type="Any" name="2" />
    <attached_symbol gate="1" name="691216710002" />
    <pinmap designator="1" footprintpin="1" />
    <pinmap designator="2" footprintpin="2" />
    <text name="Datasheet" originx="0" originy="0" style="Default" rotation="0" justify="" flipped="False" hidden="True" data="https://katalog.we-online.de/em/datasheet/6912167100XX.pdf" />
    <text name="Description" originx="0" originy="0" style="Default" rotation="0" justify="" flipped="False" hidden="True" data="Fixed Terminal Blocks Horizontal 5.00mm CAGE CLAMP WR-TBL" />
    <text name="Mouser Part Number" originx="0" originy="0" style="Default" rotation="0" justify="" flipped="False" hidden="True" data="710-691216710002" />
    <text name="Mouser Price/Stock" originx="0" originy="0" style="Default" rotation="0" justify="" flipped="False" hidden="True" data="https://www.mouser.co.uk/ProductDetail/Wurth-Elektronik/691216710002?qs=w%2Fv1CP2dgqr8TDL32Rr4aQ%3D%3D" />
    <text name="Manufacturer_Name" originx="0" originy="0" style="Default" rotation="0" justify="" flipped="False" hidden="True" data="Wurth Elektronik" />
    <text name="Manufacturer_Part_Number" originx="650" originy="200" style="Default" rotation="0" justify="left" flipped="False" hidden="False" data="691216710002" />
  </component>
</quadcept_library>
